Player,Pos,Age,Tm,G,GS,MP,FG,FGA,FG%,3P,3PA,3P%,2P,2PA,2P%,eFG%,FT,FTA,FT%,ORB,DRB,TRB,AST,STL,BLK,TOV,PF,PTS
LaMarcus Aldridge,C,36,BRK,47,12,22.3,5.4,9.7,.550,0.3,1.0,.304,5.1,8.8,.578,.566,1.9,2.2,.873,1.6,3.9,5.5,0.9,0.3,1.0,0.9,1.7,12.9
Nickeil Alexander-Walker,SG,23,TOT,65,21,22.6,3.9,10.5,.372,1.6,5.2,.311,2.3,5.3,.433,.449,1.2,1.7,.743,0.6,2.3,2.9,2.4,0.7,0.4,1.4,1.6,10.6
Jarrett Allen,C,23,CLE,56,56,32.3,6.6,9.7,.677,0.0,0.2,.100,6.6,9.6,.688,.678,2.9,4.2,.708,3.4,7.3,10.8,1.6,0.8,1.3,1.7,1.7,16.1
Justin Anderson,SF,28,TOT,16,6,19.8,2.3,5.9,.379,0.9,3.7,.254,1.3,2.3,.583,.458,0.9,1.2,.789,0.3,2.6,2.9,2.1,0.5,0.4,0.5,1.4,6.4
Justin Anderson,SF,28,CLE,3,0,15.7,1.3,2.7,.500,0.7,2.0,.333,0.7,0.7,1.000,.625,1.0,1.3,.750,0.0,2.0,2.0,2.0,0.3,0.0,0.7,1.3,4.3
Justin Anderson,SF,28,IND,13,6,20.7,2.5,6.7,.368,1.0,4.1,.245,1.5,2.6,.559,.443,0.9,1.2,.800,0.3,2.8,3.1,2.1,0.5,0.5,0.5,1.4,6.8
D.J. Augustin,PG,34,TOT,55,2,16.1,1.7,4.0,.423,1.2,3.0,.415,0.5,1.1,.448,.577,0.7,0.8,.884,0.2,1.0,1.2,1.9,0.3,0.0,1.0,0.7,5.3
Deni Avdija,SF,21,WAS,82,8,24.2,3.0,7.1,.432,1.0,3.2,.317,2.0,3.9,.525,.503,1.3,1.7,.757,0.6,4.5,5.2,2.0,0.7,0.5,1.1,2.3,8.4
Joel Ayayi,SG,21,WAS,7,0,2.9,0.1,0.9,.167,0.0,0.1,.000,0.1,0.7,.200,.167,0.0,0.0,0,0.1,0.3,0.4,0.6,0.0,0.0,0.0,0.0,0.3
Marvin Bagley III,PF,22,TOT,48,25,23.9,4.7,9.3,.504,0.5,2.0,.237,4.2,7.3,.579,.530,1.4,2.1,.663,2.2,4.9,7.0,0.8,0.5,0.4,0.8,1.9,11.3
Marvin Bagley III,PF,22,DET,18,8,27.2,6.2,11.1,.555,0.4,1.9,.229,5.7,9.2,.624,.575,1.8,3.0,.593,2.1,4.7,6.8,1.1,0.7,0.4,1.0,2.4,14.6
LaMelo Ball,PG,20,CHO,75,75,32.3,7.2,16.7,.429,2.9,7.5,.389,4.2,9.2,.462,.517,2.8,3.2,.872,1.4,5.2,6.7,7.6,1.6,0.4,3.3,3.2,20.1
Lonzo Ball,PG,24,CHI,35,35,34.6,4.6,10.9,.423,3.1,7.4,.423,1.5,3.5,.423,.567,0.6,0.8,.750,1.0,4.4,5.4,5.1,1.8,0.9,2.3,2.4,13.0
Cat Barber,PG,27,ATL,3,0,4.3,0.0,1.3,.000,0.0,0.0,0,0.0,1.3,.000,.000,0.0,1.3,.000,0.3,0.7,1.0,1.0,0.0,0.0,0.3,0.3,0.0
Bradley Beal,SG,28,WAS,40,40,36.0,8.7,19.3,.451,1.6,5.3,.300,7.1,14.0,.508,.492,4.2,5.1,.833,1.0,3.8,4.7,6.6,0.9,0.4,3.4,2.4,23.2
Jordan Bell,C,27,CHI,1,0,2.0,0.0,0.0,0,0.0,0.0,0,0.0,0.0,0,0,0.0,0.0,0,1.0,0.0,1.0,0.0,1.0,0.0,0.0,2.0,0.0
DeAndre' Bembry,SF,27,TOT,56,20,18.3,2.2,3.9,.561,0.3,0.6,.417,1.9,3.3,.589,.595,0.4,0.6,.600,0.8,2.2,2.9,1.2,0.9,0.4,0.6,2.0,5.1
DeAndre' Bembry,SF,27,BRK,48,20,19.8,2.5,4.4,.568,0.3,0.8,.417,2.2,3.7,.599,.603,0.4,0.7,.600,0.8,2.4,3.2,1.3,1.0,0.5,0.6,2.2,5.8
Dāvis Bertāns,PF,29,TOT,56,0,14.4,1.8,4.9,.360,1.4,4.1,.335,0.4,0.8,.489,.500,0.6,0.7,.900,0.2,1.9,2.1,0.6,0.3,0.2,0.3,1.5,5.6
Dāvis Bertāns,PF,29,WAS,34,0,14.7,1.8,5.0,.351,1.4,4.2,.319,0.4,0.8,.519,.485,0.8,0.9,.933,0.2,1.6,1.8,0.5,0.3,0.2,0.4,1.6,5.7
Dāvis Bertāns,PF,29,DAL,22,0,13.9,1.8,4.7,.375,1.4,3.9,.360,0.4,0.8,.444,.524,0.4,0.5,.800,0.3,2.3,2.5,0.7,0.3,0.3,0.2,1.4,5.3
Saddiq Bey,SF,22,DET,82,82,33.0,5.5,13.9,.396,2.6,7.4,.346,2.9,6.4,.454,.489,2.6,3.1,.827,1.3,4.1,5.4,2.8,0.9,0.2,1.2,1.6,16.1
Goga Bitadze,C,22,IND,50,16,14.6,2.6,5.0,.520,0.5,1.6,.288,2.2,3.4,.628,.565,1.3,1.9,.681,1.6,2.0,3.5,1.1,0.4,0.8,0.9,2.1,7.0
Nemanja Bjelica,C,33,GSW,71,0,16.1,2.3,4.8,.468,0.8,2.1,.362,1.5,2.7,.549,.547,0.8,1.1,.728,0.9,3.3,4.1,2.2,0.6,0.4,1.2,1.8,6.1
Bogdan Bogdanović,SG,29,ATL,63,27,29.3,5.4,12.6,.431,2.7,7.3,.368,2.7,5.3,.516,.537,1.5,1.8,.843,0.5,3.5,4.0,3.1,1.1,0.2,1.1,2.1,15.1
James Bouknight,SG,21,CHO,31,0,9.8,1.6,4.5,.348,0.5,1.6,.347,1.0,3.0,.348,.408,0.9,1.0,.871,0.7,1.0,1.7,0.8,0.2,0.0,0.5,0.9,4.6
Tony Bradley,C,24,CHI,55,7,10.0,1.3,2.2,.585,0.0,0.0,0,1.3,2.2,.585,.585,0.3,0.5,.655,1.2,2.2,3.4,0.5,0.2,0.6,0.6,1.1,3.0
Miles Bridges,PF,23,CHO,80,80,35.5,7.5,15.2,.491,1.9,5.8,.331,5.5,9.4,.590,.554,3.3,4.2,.802,1.1,5.9,7.0,3.8,0.9,0.8,1.9,2.4,20.2
Oshae Brissett,SF,23,IND,67,25,23.3,3.1,7.6,.411,1.2,3.5,.350,1.9,4.0,.465,.493,1.7,2.4,.695,1.6,3.7,5.3,1.1,0.7,0.4,0.8,1.7,9.1
Malcolm Brogdon,PG,29,IND,36,36,33.5,6.8,15.1,.448,1.6,5.2,.312,5.1,9.9,.518,.501,4.0,4.6,.856,0.9,4.2,5.1,5.9,0.8,0.4,2.1,2.0,19.1
Bruce Brown,SF,25,BRK,72,45,24.6,3.6,7.0,.506,0.5,1.3,.404,3.0,5.7,.529,.543,1.3,1.8,.758,1.4,3.4,4.8,2.1,1.1,0.7,0.8,2.4,9.0
Charlie Brown Jr.,SG,24,TOT,22,2,8.0,0.5,1.8,.256,0.0,0.5,.083,0.4,1.2,.333,.269,0.4,0.5,.900,0.6,0.8,1.5,0.3,0.5,0.2,0.2,0.8,1.4
Charlie Brown Jr.,SG,24,DAL,3,0,5.0,0.3,1.7,.200,0.0,1.0,.000,0.3,0.7,.500,.200,0.0,0.0,0,0.0,0.3,0.3,0.3,0.7,0.3,0.0,0.7,0.7
Chaundee Brown Jr.,SG,23,ATL,3,2,27.7,3.0,8.3,.360,2.0,5.0,.400,1.0,3.3,.300,.480,1.7,2.0,.833,0.3,4.3,4.7,1.3,0.7,0.0,0.0,2.3,9.7
Jaylen Brown,SF,25,BOS,66,66,33.6,8.7,18.4,.473,2.5,7.0,.358,6.2,11.4,.544,.541,3.7,4.8,.758,0.8,5.3,6.1,3.5,1.1,0.3,2.7,2.5,23.6
Moses Brown,C,22,TOT,40,6,8.6,1.6,2.7,.593,0.0,0.0,0,1.6,2.7,.593,.593,1.1,1.8,.597,1.0,2.4,3.4,0.0,0.2,0.4,0.5,1.3,4.3
Moses Brown,C,22,DAL,26,1,6.5,1.0,1.9,.540,0.0,0.0,0,1.0,1.9,.540,.540,1.0,1.7,.628,0.6,1.7,2.3,0.0,0.1,0.3,0.5,1.1,3.1
Moses Brown,C,22,CLE,14,5,12.6,2.6,4.1,.638,0.0,0.0,0,2.6,4.1,.638,.638,1.1,2.1,.552,1.6,3.6,5.3,0.0,0.3,0.5,0.4,1.8,6.4
Sterling Brown,SG,26,DAL,49,3,12.8,1.2,3.2,.381,0.6,1.9,.304,0.6,1.3,.492,.471,0.3,0.3,.933,0.5,2.5,3.0,0.7,0.3,0.1,0.5,1.1,3.3
Troy Brown Jr.,SF,22,CHI,66,7,16.0,1.6,3.9,.419,0.7,2.0,.353,0.9,1.9,.488,.510,0.3,0.4,.769,0.6,2.5,3.1,1.0,0.5,0.1,0.4,0.9,4.3
Jalen Brunson,SG,25,DAL,79,61,31.9,6.4,12.8,.502,1.2,3.2,.373,5.2,9.6,.545,.549,2.3,2.7,.840,0.5,3.4,3.9,4.8,0.8,0.0,1.6,1.9,16.3
Thomas Bryant,C,24,WAS,27,9,16.3,2.9,5.5,.520,0.4,1.6,.286,2.4,3.9,.613,.561,1.3,1.5,.875,1.0,3.0,4.0,0.9,0.2,0.8,0.7,1.6,7.4
Reggie Bullock,SF,30,DAL,68,37,28.0,3.0,7.4,.401,2.1,5.8,.360,0.9,1.6,.550,.542,0.6,0.7,.833,0.5,3.1,3.5,1.2,0.6,0.2,0.6,1.6,8.6
Trey Burke,PG,29,DAL,42,0,10.5,2.0,5.1,.391,0.6,2.0,.317,1.4,3.2,.436,.451,0.5,0.5,.870,0.1,0.7,0.8,1.4,0.3,0.0,0.6,0.9,5.1
Kentavious Caldwell-Pope,SG,28,WAS,77,77,30.2,4.7,10.8,.435,2.1,5.3,.390,2.6,5.5,.480,.531,1.8,2.0,.890,0.5,2.9,3.4,1.9,1.1,0.3,1.3,1.8,13.2
Clint Capela,C,27,ATL,74,73,27.6,5.0,8.2,.613,0.0,0.0,.000,5.0,8.1,.614,.613,1.1,2.3,.473,3.8,8.1,11.9,1.2,0.7,1.3,0.6,2.2,11.1
Vernon Carey Jr.,C,20,TOT,7,1,6.3,1.0,1.9,.538,0.0,0.0,0,1.0,1.9,.538,.538,0.9,1.9,.462,1.1,0.6,1.7,0.0,0.3,0.1,0.4,0.6,2.9
Vernon Carey Jr.,C,20,CHO,4,1,4.3,0.8,1.5,.500,0.0,0.0,0,0.8,1.5,.500,.500,0.5,0.8,.667,0.8,0.5,1.3,0.0,0.3,0.0,0.3,0.3,2.0
Vernon Carey Jr.,C,20,WAS,3,0,9.0,1.3,2.3,.571,0.0,0.0,0,1.3,2.3,.571,.571,1.3,3.3,.400,1.7,0.7,2.3,0.0,0.3,0.3,0.7,1.0,4.0
Jevon Carter,PG,26,TOT,66,3,13.7,1.5,3.8,.387,1.0,2.6,.388,0.5,1.3,.386,.518,0.2,0.3,.833,0.2,1.5,1.7,1.5,0.4,0.2,0.5,1.0,4.2
Jevon Carter,PG,26,BRK,46,1,12.0,1.3,3.8,.333,0.9,2.8,.331,0.3,1.0,.340,.454,0.2,0.2,.700,0.2,1.3,1.5,1.0,0.3,0.2,0.6,1.0,3.6
Alex Caruso,SG,27,CHI,41,18,28.0,2.5,6.2,.398,1.0,3.1,.333,1.5,3.2,.462,.480,1.4,1.8,.795,0.8,2.8,3.6,4.0,1.7,0.4,1.4,2.6,7.4
Willie Cauley-Stein,C,28,TOT,20,2,9.2,0.8,1.8,.457,0.1,0.1,.500,0.8,1.7,.455,.471,0.1,0.1,.500,0.7,1.4,2.0,0.5,0.3,0.2,0.4,1.0,1.7
Willie Cauley-Stein,C,28,DAL,18,2,9.8,0.9,1.9,.457,0.1,0.1,.500,0.8,1.8,.455,.471,0.1,0.1,.500,0.7,1.4,2.1,0.5,0.3,0.2,0.4,0.9,1.9
Ahmad Caver,SG,25,IND,1,0,1.0,1.0,1.0,1.000,0.0,0.0,0,1.0,1.0,1.000,1.000,0.0,0.0,0,0.0,0.0,0.0,0.0,0.0,0.0,0.0,0.0,2.0
Chris Chiozza,PG,26,GSW,34,1,10.9,0.7,2.4,.296,0.5,1.6,.321,0.2,0.8,.250,.401,0.1,0.1,.667,0.3,0.8,1.1,1.9,0.4,0.0,0.9,0.9,2.0
Marquese Chriss,PF,24,DAL,34,0,10.2,1.8,3.9,.463,0.2,0.7,.320,1.6,3.2,.495,.493,0.6,1.0,.667,1.0,2.1,3.0,0.5,0.4,0.4,0.5,1.9,4.5
Nic Claxton,C,22,BRK,47,19,20.7,3.8,5.6,.674,0.0,0.0,0,3.8,5.6,.674,.674,1.1,2.0,.581,1.9,3.7,5.6,0.9,0.5,1.1,0.8,2.3,8.7
John Collins,PF,24,ATL,54,53,30.8,6.3,11.9,.526,1.2,3.3,.364,5.1,8.7,.588,.576,2.5,3.1,.793,1.7,6.1,7.8,1.8,0.6,1.0,1.1,3.0,16.2
Tyler Cook,PF,24,CHI,20,2,10.0,1.2,1.9,.605,0.0,0.0,0,1.2,1.9,.605,.605,1.1,1.6,.656,0.8,1.9,2.7,0.2,0.2,0.2,0.4,1.4,3.4
Sharife Cooper,PG,20,ATL,13,0,3.0,0.2,1.1,.214,0.1,0.5,.167,0.2,0.6,.250,.250,0.0,0.0,0,0.0,0.4,0.4,0.4,0.0,0.0,0.4,0.1,0.5
DeMarcus Cousins,C,31,TOT,48,7,15.0,3.1,6.8,.460,0.8,2.5,.303,2.3,4.2,.554,.517,2.0,2.6,.760,1.5,4.1,5.6,1.5,0.7,0.4,1.8,2.9,9.0
Robert Covington,PF,31,TOT,71,42,27.3,2.9,7.0,.420,1.8,4.8,.378,1.1,2.2,.509,.548,0.8,1.0,.841,0.8,4.7,5.5,1.3,1.5,1.3,1.1,2.7,8.5
Torrey Craig,SF,31,TOT,78,16,20.5,2.6,5.7,.454,1.0,3.0,.329,1.6,2.7,.594,.541,0.5,0.7,.750,1.1,2.9,4.0,1.2,0.6,0.5,0.9,1.9,6.6
Torrey Craig,SF,31,IND,51,14,20.3,2.5,5.5,.456,0.9,2.7,.333,1.6,2.8,.573,.537,0.5,0.7,.771,1.2,2.7,3.8,1.1,0.5,0.4,0.8,1.9,6.5
Cade Cunningham,SG,20,DET,64,64,32.6,6.7,16.1,.416,1.8,5.7,.314,4.9,10.4,.472,.471,2.2,2.6,.845,0.9,4.6,5.5,5.6,1.2,0.7,3.7,3.1,17.4
Seth Curry,SG,31,TOT,64,64,33.4,5.6,11.5,.487,2.5,5.8,.422,3.2,5.7,.553,.594,1.3,1.5,.872,0.3,2.8,3.1,3.6,0.8,0.2,1.7,2.3,15.0
Seth Curry,SG,31,BRK,19,19,29.9,5.5,11.1,.493,3.1,6.5,.468,2.4,4.6,.529,.630,0.9,1.1,.857,0.2,2.4,2.6,2.6,0.9,0.2,1.3,2.5,14.9
Stephen Curry,PG,33,GSW,64,64,34.5,8.4,19.1,.437,4.5,11.7,.380,3.9,7.4,.527,.554,4.3,4.7,.923,0.5,4.7,5.2,6.3,1.3,0.4,3.2,2.0,25.5
Ed Davis,C,32,CLE,31,3,6.5,0.4,0.5,.688,0.0,0.0,0,0.4,0.5,.688,.688,0.2,0.5,.429,0.5,1.6,2.1,0.2,0.1,0.3,0.2,1.1,0.9
DeMar DeRozan,PF,32,CHI,76,76,36.1,10.2,20.2,.504,0.7,1.9,.352,9.5,18.3,.520,.521,6.8,7.8,.877,0.7,4.4,5.2,4.9,0.9,0.3,2.4,2.3,27.9
Cheick Diallo,C,25,DET,3,0,10.3,1.0,2.7,.375,0.0,0.0,0,1.0,2.7,.375,.375,1.7,2.0,.833,1.3,2.7,4.0,0.0,0.3,0.0,0.3,2.0,3.7
Hamidou Diallo,SG,23,DET,58,29,21.9,4.5,9.1,.496,0.4,1.6,.247,4.1,7.5,.550,.518,1.6,2.4,.650,1.2,3.6,4.8,1.3,1.2,0.3,1.0,2.5,11.0
Gorgui Dieng,C,32,ATL,44,3,8.4,1.2,2.5,.473,0.7,1.5,.426,0.5,1.0,.545,.603,0.4,0.6,.731,0.7,2.0,2.8,0.8,0.3,0.3,0.5,1.2,3.5
Spencer Dinwiddie,PG,28,WAS,44,44,30.2,4.2,11.2,.376,1.6,5.1,.310,2.6,6.0,.432,.447,2.6,3.3,.811,0.8,3.9,4.7,5.8,0.6,0.2,1.7,2.4,12.6
Spencer Dinwiddie,SG,28,DAL,23,7,28.3,5.3,10.6,.498,1.8,4.5,.404,3.4,6.0,.568,.584,3.4,4.7,.725,0.4,2.7,3.1,3.9,0.7,0.3,1.3,1.9,15.8
Donte DiVincenzo,SG,25,TOT,42,1,24.0,2.8,8.0,.351,1.8,5.2,.339,1.0,2.8,.373,.461,1.7,2.0,.843,1.0,3.1,4.0,2.8,1.1,0.2,1.7,1.6,9.0
Luka Dončić,PG,22,DAL,65,65,35.4,9.9,21.6,.457,3.1,8.8,.353,6.8,12.8,.528,.529,5.6,7.5,.744,0.9,8.3,9.1,8.7,1.2,0.6,4.5,2.2,28.4
Ayo Dosunmu,SG,22,CHI,77,40,27.4,3.6,6.9,.520,0.9,2.4,.376,2.7,4.5,.596,.585,0.7,1.0,.679,0.4,2.4,2.8,3.3,0.8,0.4,1.4,2.4,8.8
Devon Dotson,PG,22,CHI,11,0,7.7,1.0,2.1,.478,0.2,0.8,.222,0.8,1.3,.643,.522,0.5,0.8,.556,0.1,0.7,0.8,1.4,0.1,0.0,0.5,1.0,2.6
Jeff Dowtin,PG,24,TOT,9,0,12.0,0.9,2.9,.308,0.1,1.0,.111,0.8,1.9,.412,.327,0.2,0.2,1.000,0.9,1.1,2.0,1.1,0.6,0.1,0.6,0.6,2.1
Jeff Dowtin,PG,24,GSW,4,0,7.0,0.8,1.5,.500,0.0,0.3,.000,0.8,1.3,.600,.500,0.0,0.0,0,0.3,1.5,1.8,0.8,0.0,0.3,0.3,0.5,1.5
Goran Dragić,PG,35,TOT,21,8,23.7,2.7,7.2,.377,0.8,3.0,.254,2.0,4.2,.466,.430,1.3,1.6,.818,0.6,2.5,3.1,4.1,0.9,0.2,1.6,2.1,7.5
Goran Dragić,PG,35,BRK,16,6,25.5,2.8,7.3,.376,0.8,3.1,.245,2.0,4.3,.471,.427,1.1,1.4,.739,0.7,2.5,3.2,4.8,0.9,0.2,2.1,2.3,7.3
Andre Drummond,C,28,TOT,73,36,19.7,3.4,5.9,.570,0.0,0.0,.000,3.4,5.9,.574,.570,1.2,2.2,.524,3.1,6.2,9.3,1.8,1.1,0.9,1.6,2.6,7.9
Andre Drummond,C,28,BRK,24,24,22.3,5.0,8.1,.610,0.0,0.0,.000,5.0,8.1,.613,.610,1.8,3.4,.537,3.9,6.4,10.3,1.4,0.9,1.0,1.5,3.0,11.8
Chris Duarte,SG,24,IND,55,39,28.0,4.9,11.3,.432,1.7,4.6,.369,3.2,6.7,.475,.507,1.6,2.0,.804,0.7,3.4,4.1,2.1,1.0,0.2,1.6,1.7,13.1
David Duke Jr.,PG,22,BRK,22,7,15.5,1.8,4.9,.361,0.4,1.7,.243,1.4,3.2,.423,.403,0.8,1.0,.810,1.4,1.7,3.0,0.8,0.6,0.3,0.4,1.6,4.7
Kevin Durant,PF,33,BRK,55,55,37.2,10.5,20.3,.518,2.1,5.5,.383,8.4,14.8,.568,.570,6.8,7.4,.910,0.5,6.9,7.4,6.4,0.9,0.9,3.5,2.1,29.9
Jaime Echenique,C,24,WAS,1,0,3.0,0.0,0.0,0,0.0,0.0,0,0.0,0.0,0,0,0.0,0.0,0,0.0,0.0,0.0,0.0,0.0,0.0,0.0,0.0,0.0
Carsen Edwards,SG,23,DET,4,0,19.8,2.3,7.5,.300,1.0,4.0,.250,1.3,3.5,.357,.367,0.3,0.3,1.000,0.5,1.0,1.5,3.5,0.5,0.0,1.3,1.0,5.8
Kessler Edwards,SF,21,BRK,48,23,20.6,2.3,5.6,.412,1.0,2.8,.353,1.3,2.7,.473,.502,0.3,0.4,.842,0.9,2.7,3.6,0.6,0.6,0.5,0.9,1.8,5.9
James Ennis III,SF,31,TOT,7,0,8.0,1.6,3.4,.458,0.4,1.1,.375,1.1,2.3,.500,.521,0.6,0.7,.800,0.7,1.0,1.7,0.4,0.3,0.3,0.3,0.7,4.1
James Ennis III,SF,31,BRK,2,0,7.0,1.0,3.5,.286,0.5,1.0,.500,0.5,2.5,.200,.357,0.0,0.0,0,1.0,1.5,2.5,0.0,0.5,0.5,0.0,0.0,2.5
Drew Eubanks,C,24,TOT,71,31,17.5,3.1,5.2,.596,0.1,0.3,.217,3.0,4.9,.621,.602,1.4,1.8,.762,1.8,3.5,5.4,1.2,0.4,0.6,1.1,1.7,7.7
Tacko Fall,C,26,CLE,11,1,5.4,0.5,1.1,.417,0.0,0.0,0,0.5,1.1,.417,.417,0.2,0.6,.286,0.6,1.5,2.1,0.2,0.0,0.5,0.3,0.3,1.1
Bruno Fernando,C,23,TOT,30,0,5.1,1.2,1.8,.655,0.0,0.1,.500,1.2,1.8,.660,.664,0.5,0.8,.625,0.6,1.2,1.8,0.2,0.0,0.4,0.5,0.8,2.9
Bruno Fernando,C,23,BOS,20,0,2.9,0.4,0.7,.500,0.1,0.1,1.000,0.3,0.7,.462,.536,0.2,0.3,.800,0.4,0.4,0.8,0.2,0.0,0.2,0.3,0.3,1.0
Dorian Finney-Smith,PF,28,DAL,80,80,33.1,4.1,8.7,.471,2.2,5.4,.395,1.9,3.2,.599,.595,0.7,1.0,.675,1.5,3.2,4.7,1.9,1.1,0.5,1.0,2.3,11.0
Malik Fitts,PF,24,TOT,15,0,4.2,0.5,1.3,.421,0.3,0.7,.500,0.2,0.6,.333,.553,0.0,0.0,0,0.1,1.0,1.1,0.3,0.0,0.0,0.1,0.3,1.4
Malik Fitts,PF,24,BOS,8,0,3.5,0.8,1.3,.600,0.4,0.8,.500,0.4,0.5,.750,.750,0.0,0.0,0,0.3,0.6,0.9,0.6,0.0,0.0,0.0,0.1,1.9
Bryn Forbes,SG,28,TOT,75,2,17.1,3.1,7.2,.429,1.6,3.9,.414,1.5,3.3,.447,.542,1.1,1.2,.908,0.1,1.1,1.2,1.0,0.3,0.1,0.7,1.3,8.8
Tim Frazier,PG,31,TOT,12,3,17.3,1.2,3.8,.311,0.5,1.4,.353,0.7,2.3,.286,.378,0.4,0.8,.556,0.4,1.2,1.6,2.8,0.3,0.1,1.3,2.3,3.3
Tim Frazier,PG,31,CLE,2,0,4.0,0.5,1.0,.500,0.0,0.0,0,0.5,1.0,.500,.500,0.0,0.0,0,0.0,0.0,0.0,0.5,0.0,0.0,1.0,1.5,1.0
Enes Freedom,C,29,BOS,35,1,11.7,1.5,2.8,.526,0.1,0.1,.400,1.4,2.6,.533,.536,0.7,0.8,.857,1.7,2.8,4.6,0.2,0.1,0.4,0.6,1.2,3.7
Wenyen Gabriel,PF,24,TOT,26,5,13.8,2.1,4.2,.491,0.3,1.1,.286,1.8,3.2,.561,.527,1.0,1.6,.595,1.5,2.2,3.7,0.5,0.2,0.4,0.6,2.6,5.4
Wenyen Gabriel,PF,24,BRK,1,0,1.0,0.0,0.0,0,0.0,0.0,0,0.0,0.0,0,0,0.0,0.0,0,0.0,1.0,1.0,0.0,0.0,0.0,0.0,0.0,0.0
Daniel Gafford,C,23,WAS,72,53,20.1,4.0,5.7,.693,0.0,0.0,.000,4.0,5.7,.695,.693,1.5,2.1,.699,2.2,3.5,5.7,0.9,0.4,1.4,0.9,2.4,9.4
Danilo Gallinari,PF,33,ATL,66,18,25.3,3.9,9.0,.434,1.7,4.5,.381,2.2,4.6,.485,.528,2.1,2.4,.904,0.5,4.1,4.7,1.5,0.4,0.2,0.6,1.4,11.7
Langston Galloway,SG,30,TOT,7,0,15.3,0.9,3.7,.231,0.3,2.3,.125,0.6,1.4,.400,.269,0.0,0.0,0,0.4,2.1,2.6,1.7,0.1,0.0,0.9,1.0,2.0
Langston Galloway,SG,30,BRK,4,0,14.5,1.3,3.3,.385,0.5,2.0,.250,0.8,1.3,.600,.462,0.0,0.0,0,0.3,1.8,2.0,1.3,0.0,0.0,1.3,1.3,3.0
Darius Garland,PG,22,CLE,68,68,35.7,8.0,17.3,.462,2.6,6.7,.383,5.4,10.6,.512,.536,3.2,3.5,.892,0.6,2.7,3.3,8.6,1.3,0.1,3.6,1.7,21.7
Luka Garza,C,23,DET,32,5,12.2,2.1,4.6,.449,0.5,1.5,.327,1.6,3.1,.510,.503,1.2,1.9,.623,1.8,1.3,3.1,0.6,0.3,0.2,0.6,1.7,5.8
Anthony Gill,PF,29,WAS,44,0,10.5,1.4,2.5,.569,0.3,0.6,.538,1.1,1.9,.578,.633,1.0,1.2,.808,0.8,1.2,1.9,0.6,0.1,0.3,0.4,1.3,4.1
Brandon Goodwin,PG,26,CLE,36,5,13.9,1.8,4.3,.416,0.5,1.5,.345,1.3,2.8,.455,.477,0.7,1.1,.632,0.4,1.5,1.9,2.5,0.7,0.0,1.0,1.1,4.8
Jordan Goodwin,SG,23,WAS,2,0,3.0,0.0,1.5,.000,0.0,0.5,.000,0.0,1.0,.000,.000,0.0,0.0,0,0.0,0.5,0.5,0.0,0.0,0.0,0.0,0.5,0.0
Jerami Grant,PF,27,DET,47,47,31.9,6.3,14.9,.426,1.9,5.4,.358,4.4,9.5,.465,.491,4.6,5.5,.838,0.6,3.5,4.1,2.4,0.9,1.0,1.8,2.3,19.2
Draymond Green,PF,31,GSW,46,44,28.9,2.9,5.6,.525,0.3,1.2,.296,2.6,4.4,.586,.556,1.3,2.0,.659,1.0,6.3,7.3,7.0,1.3,1.1,3.0,3.0,7.5
Javonte Green,SF,28,CHI,65,45,23.4,2.7,5.0,.542,0.6,1.6,.356,2.2,3.4,.625,.597,1.2,1.5,.833,1.4,2.8,4.2,0.9,1.0,0.5,0.5,2.0,7.2
Josh Green,SG,21,DAL,67,3,15.5,1.9,3.8,.508,0.4,1.2,.359,1.5,2.7,.573,.563,0.5,0.7,.689,0.8,1.6,2.4,1.2,0.7,0.2,0.7,1.7,4.8
Blake Griffin,C,32,BRK,56,24,17.1,2.4,5.6,.425,0.7,2.6,.262,1.7,3.0,.565,.486,1.0,1.4,.724,1.1,3.0,4.1,1.9,0.5,0.3,0.6,1.7,6.4
Rui Hachimura,PF,23,WAS,42,13,22.5,4.5,9.1,.491,1.3,2.9,.447,3.1,6.1,.512,.563,1.1,1.6,.697,0.6,3.2,3.8,1.1,0.5,0.2,0.8,1.3,11.3
Tyrese Haliburton,PG,21,IND,26,26,36.1,6.2,12.4,.502,2.2,5.3,.416,4.0,7.2,.565,.590,2.8,3.3,.849,0.8,3.5,4.3,9.6,1.8,0.6,3.2,1.9,17.5
Tim Hardaway Jr.,SG,29,DAL,42,20,29.6,5.0,12.6,.394,2.4,7.2,.336,2.5,5.4,.473,.491,1.9,2.5,.757,0.3,3.4,3.7,2.2,0.9,0.1,0.8,1.8,14.2
James Harden,PG,32,TOT,65,65,37.2,6.3,15.3,.410,2.3,6.9,.330,4.0,8.4,.476,.485,7.2,8.2,.877,0.8,6.8,7.7,10.3,1.3,0.6,4.4,2.4,22.0
James Harden,PG,32,BRK,44,44,37.0,6.6,16.0,.414,2.3,7.0,.332,4.3,9.1,.476,.486,6.9,8.0,.869,1.0,7.0,8.0,10.2,1.3,0.7,4.8,2.4,22.5
Montrezl Harrell,C,28,TOT,71,3,23.1,5.0,7.8,.645,0.1,0.2,.235,5.0,7.6,.658,.649,3.0,4.2,.716,2.1,4.0,6.1,2.0,0.4,0.6,1.0,1.9,13.1
Montrezl Harrell,C,28,WAS,46,3,24.3,5.4,8.3,.645,0.1,0.3,.267,5.3,8.0,.660,.650,3.2,4.5,.727,2.1,4.6,6.7,2.1,0.4,0.7,1.1,1.9,14.1
Montrezl Harrell,C,28,CHO,25,0,21.0,4.4,6.9,.645,0.0,0.1,.000,4.4,6.8,.653,.645,2.5,3.6,.692,2.1,2.8,4.9,2.0,0.4,0.5,0.9,2.0,11.4
Joe Harris,SF,30,BRK,14,14,30.2,4.0,8.9,.452,2.9,6.3,.466,1.1,2.6,.417,.617,0.4,0.4,.833,0.4,3.6,4.0,1.0,0.5,0.1,1.1,2.2,11.3
Shaquille Harrison,SG,28,BRK,2,0,11.5,1.0,3.0,.333,0.0,1.0,.000,1.0,2.0,.500,.333,0.0,0.0,0,0.5,1.5,2.0,1.5,0.5,0.5,1.0,1.5,2.0
Josh Hart,SG,26,TOT,54,53,33.2,5.3,10.5,.504,1.4,3.9,.343,4.0,6.6,.601,.569,3.0,3.9,.758,1.1,6.0,7.2,4.1,1.1,0.2,2.1,2.8,14.9
Sam Hauser,SF,24,BOS,26,0,6.1,0.9,1.9,.460,0.7,1.7,.432,0.2,0.2,.667,.650,0.0,0.0,0,0.2,0.9,1.1,0.4,0.0,0.1,0.1,0.3,2.5
Killian Hayes,PG,20,DET,66,40,25.0,2.7,7.0,.383,0.7,2.5,.263,2.0,4.4,.452,.431,0.9,1.1,.770,0.5,2.6,3.2,4.2,1.2,0.5,1.7,2.8,6.9
Gordon Hayward,SF,31,CHO,49,48,31.9,5.8,12.6,.459,1.8,4.5,.391,4.0,8.1,.496,.528,2.6,3.0,.846,0.8,3.8,4.6,3.6,1.0,0.4,1.7,1.7,15.9
Juancho Hernangómez,PF,26,TOT,40,9,11.1,1.1,2.7,.415,0.6,1.7,.348,0.5,0.9,.541,.528,0.5,0.9,.559,0.7,1.8,2.5,0.5,0.4,0.3,0.4,0.6,3.3
Juancho Hernangómez,PF,26,BOS,18,0,5.3,0.3,1.5,.185,0.2,1.0,.167,0.1,0.5,.222,.241,0.3,0.5,.667,0.5,0.9,1.4,0.2,0.2,0.1,0.3,0.4,1.1
Buddy Hield,SG,29,TOT,81,32,30.9,5.5,13.6,.406,3.2,8.8,.366,2.3,4.7,.482,.526,1.4,1.6,.874,0.8,3.5,4.4,2.8,0.9,0.3,1.9,2.3,15.6
Buddy Hield,SG,29,IND,26,26,35.6,7.0,15.6,.447,3.1,8.5,.362,3.9,7.1,.549,.546,1.2,1.3,.886,0.9,4.2,5.1,4.8,1.0,0.4,2.4,2.7,18.2
Malcolm Hill,SG,26,ATL,3,0,15.3,1.7,2.7,.625,1.0,1.7,.600,0.7,1.0,.667,.813,1.3,1.3,1.000,0.7,1.3,2.0,0.3,1.3,0.3,0.0,2.3,5.7
Malcolm Hill,SF,26,CHI,16,0,10.4,1.2,2.8,.432,0.6,1.9,.323,0.6,0.8,.692,.545,0.4,0.6,.700,0.6,1.3,1.8,0.4,0.2,0.1,0.2,1.1,3.4
Solomon Hill,SF,30,ATL,13,1,10.7,0.2,1.5,.150,0.2,1.0,.154,0.1,0.5,.143,.200,0.0,0.0,0,0.5,1.3,1.8,0.9,0.3,0.2,0.1,1.2,0.6
Nate Hinton,SG,22,IND,2,0,1.0,0.0,0.5,.000,0.0,0.0,0,0.0,0.5,.000,.000,0.0,0.0,0,0.0,0.0,0.0,0.0,0.0,0.0,0.5,0.0,0.0
Aaron Holiday,PG,25,TOT,63,15,16.2,2.4,5.4,.447,0.6,1.6,.379,1.8,3.7,.477,.504,0.9,1.1,.868,0.4,1.6,1.9,2.4,0.7,0.1,1.1,1.5,6.3
Aaron Holiday,PG,25,WAS,41,14,16.2,2.4,5.2,.467,0.6,1.6,.343,1.9,3.6,.524,.521,0.7,0.9,.800,0.2,1.4,1.6,1.9,0.6,0.2,1.0,1.5,6.1
Justin Holiday,SF,32,IND,49,40,28.9,3.9,9.3,.415,2.6,6.9,.378,1.3,2.5,.516,.553,0.7,0.8,.829,0.4,2.4,2.8,1.8,0.7,0.4,1.0,2.1,11.0
Al Horford,C,35,BOS,69,69,29.1,3.9,8.2,.467,1.3,3.8,.336,2.6,4.4,.582,.546,1.2,1.4,.842,1.6,6.1,7.7,3.4,0.7,1.3,0.9,1.9,10.2
Danuel House Jr.,SF,28,TOT,42,7,17.3,1.9,4.7,.404,1.0,2.8,.376,0.9,1.9,.444,.515,1.0,1.4,.759,0.4,2.2,2.6,1.0,0.5,0.4,0.8,1.2,5.9
Kevin Huerter,SF,23,ATL,74,60,29.6,4.7,10.3,.454,2.2,5.6,.389,2.5,4.7,.530,.559,0.6,0.7,.808,0.4,3.0,3.4,2.7,0.7,0.4,1.2,2.5,12.1
De'Andre Hunter,SF,24,ATL,53,52,29.8,4.8,10.8,.442,1.4,3.7,.379,3.4,7.2,.474,.506,2.4,3.1,.765,0.5,2.8,3.3,1.3,0.7,0.4,1.3,2.9,13.4
Serge Ibaka,C,32,TOT,54,12,16.2,2.7,5.5,.500,0.7,1.8,.374,2.1,3.6,.563,.563,0.6,0.8,.727,1.1,3.5,4.6,0.9,0.2,0.6,0.8,1.9,6.8
Andre Iguodala,SF,38,GSW,31,0,19.5,1.5,3.9,.380,0.5,2.4,.230,0.9,1.5,.617,.450,0.5,0.6,.750,0.7,2.5,3.2,3.7,0.9,0.7,0.9,1.1,4.0
Kyrie Irving,PG,29,BRK,29,29,37.6,10.0,21.2,.469,3.4,8.2,.418,6.5,13.0,.501,.550,4.1,4.4,.915,0.6,3.8,4.4,5.8,1.4,0.6,2.5,2.8,27.4
Wes Iwundu,SF,27,ATL,3,1,27.3,2.7,6.0,.444,1.0,1.7,.600,1.7,4.3,.385,.528,1.0,1.3,.750,1.0,3.3,4.3,0.0,0.3,0.0,0.3,2.7,7.3
Frank Jackson,PG,23,DET,53,7,22.0,3.7,9.1,.402,1.6,5.3,.308,2.0,3.8,.529,.491,1.6,2.0,.827,0.4,1.3,1.6,1.0,0.5,0.2,0.7,1.7,10.6
Isaiah Jackson,PF,20,IND,36,15,15.0,3.2,5.7,.563,0.1,0.4,.313,3.1,5.3,.584,.575,1.7,2.4,.682,1.7,2.5,4.1,0.3,0.7,1.4,1.1,2.6,8.3
Josh Jackson,SF,24,TOT,51,3,16.3,2.4,5.9,.400,0.6,2.5,.254,1.7,3.3,.512,.455,1.1,1.5,.714,0.4,2.4,2.8,1.1,0.5,0.4,0.9,1.7,6.4
Josh Jackson,SF,24,DET,39,3,18.1,2.6,6.4,.410,0.8,2.9,.265,1.9,3.5,.529,.470,1.0,1.4,.714,0.4,2.7,3.2,1.3,0.5,0.5,1.0,1.8,7.1
Justin Jackson,SF,26,TOT,7,0,5.3,0.7,2.1,.333,0.4,1.3,.333,0.3,0.9,.333,.433,0.3,0.3,1.000,0.1,0.9,1.0,0.3,0.0,0.0,0.1,0.4,2.1
Justin Jackson,SF,26,BOS,1,0,2.0,0.0,1.0,.000,0.0,0.0,0,0.0,1.0,.000,.000,2.0,2.0,1.000,0.0,0.0,0.0,0.0,0.0,0.0,0.0,0.0,2.0
DeJon Jarreau,SG,24,IND,1,0,1.0,0.0,0.0,0,0.0,0.0,0,0.0,0.0,0,0,0.0,0.0,0,0.0,0.0,0.0,0.0,0.0,0.0,0.0,0.0,0.0
Alize Johnson,PF,25,TOT,23,0,7.3,0.7,1.7,.436,0.0,0.2,.000,0.7,1.5,.486,.436,0.3,0.5,.583,1.2,1.4,2.7,0.4,0.2,0.0,0.5,0.8,1.8
Alize Johnson,PF,25,CHI,16,0,7.6,0.8,1.4,.522,0.0,0.1,.000,0.8,1.3,.571,.522,0.3,0.4,.571,1.0,1.3,2.3,0.5,0.2,0.0,0.5,0.9,1.8
Alize Johnson,PF,25,WAS,3,0,6.0,0.7,2.0,.333,0.0,0.7,.000,0.7,1.3,.500,.333,0.0,0.3,.000,1.7,2.3,4.0,0.0,0.0,0.0,1.0,0.0,1.3
Jalen Johnson,PF,20,ATL,22,0,5.5,1.0,1.9,.537,0.1,0.6,.231,0.9,1.3,.679,.573,0.2,0.3,.714,0.1,1.1,1.2,0.1,0.1,0.1,0.4,0.4,2.4
James Johnson,PF,34,BRK,62,10,19.2,2.3,5.0,.469,0.4,1.4,.271,2.0,3.6,.545,.507,0.5,0.9,.527,0.8,2.6,3.5,2.1,0.5,0.5,0.8,2.6,5.5
Joe Johnson,SG,40,BOS,1,0,2.0,1.0,1.0,1.000,0.0,0.0,0,1.0,1.0,1.000,1.000,0.0,0.0,0,0.0,0.0,0.0,0.0,0.0,0.0,0.0,0.0,2.0
Keon Johnson,SG,19,TOT,37,12,18.8,2.6,7.4,.353,0.9,2.7,.340,1.7,4.6,.360,.415,1.1,1.4,.804,0.6,1.5,2.2,2.1,0.8,0.3,1.2,1.9,7.2
Tyler Johnson,PG,29,TOT,6,0,15.2,1.0,3.3,.300,0.8,2.2,.385,0.2,1.2,.143,.425,0.0,0.0,0,0.5,1.5,2.0,1.2,0.5,0.5,0.3,1.2,2.8
Carlik Jones,PG,24,TOT,5,0,4.6,0.2,1.8,.111,0.0,0.2,.000,0.2,1.6,.125,.111,0.4,0.4,1.000,0.2,0.4,0.6,1.0,0.2,0.0,0.6,0.0,0.8
Carlik Jones,PG,24,DAL,3,0,6.3,0.0,2.3,.000,0.0,0.3,.000,0.0,2.0,.000,.000,0.7,0.7,1.000,0.3,0.7,1.0,1.7,0.3,0.0,1.0,0.0,0.7
Derrick Jones Jr.,PF,24,CHI,51,8,17.6,2.1,3.8,.538,0.4,1.2,.328,1.7,2.6,.634,.590,1.1,1.4,.800,1.2,2.1,3.3,0.6,0.5,0.6,0.6,2.1,5.6
Kai Jones,C,21,CHO,21,0,3.0,0.4,0.7,.643,0.0,0.1,.500,0.4,0.6,.667,.679,0.1,0.4,.375,0.1,0.4,0.5,0.2,0.0,0.1,0.3,0.4,1.0
DeAndre Jordan,C,33,TOT,48,20,13.0,1.9,3.0,.643,0.0,0.0,0,1.9,3.0,.643,.643,0.5,0.8,.550,1.7,3.8,5.5,0.4,0.3,0.7,0.8,1.5,4.3
Cory Joseph,PG,30,DET,65,39,24.6,2.7,6.2,.445,1.0,2.4,.414,1.7,3.7,.465,.526,1.5,1.7,.885,0.4,2.2,2.7,3.6,0.6,0.3,1.3,2.3,8.0
Georgios Kalaitzakis,SF,23,TOT,13,4,16.5,2.4,5.2,.463,0.8,2.0,.385,1.6,3.2,.512,.537,1.1,2.3,.467,0.5,1.2,1.6,0.9,0.8,0.2,1.5,1.5,6.6
Braxton Key,SF,24,TOT,11,0,17.9,3.0,6.5,.458,0.5,1.9,.286,2.5,4.6,.529,.500,0.6,1.2,.538,1.2,3.4,4.5,1.0,0.9,1.0,1.0,2.4,7.2
Braxton Key,SF,24,DET,9,0,21.2,3.6,7.8,.457,0.7,2.2,.300,2.9,5.6,.520,.500,0.8,1.4,.538,1.3,4.0,5.3,1.1,1.0,1.2,1.0,2.8,8.6
George King,SF,28,DAL,4,0,4.8,0.0,1.3,.000,0.0,1.0,.000,0.0,0.3,.000,.000,0.3,0.5,.500,0.0,1.3,1.3,0.0,0.0,0.0,0.3,1.0,0.3
Corey Kispert,SF,22,WAS,77,36,23.4,3.0,6.7,.455,1.5,4.2,.350,1.6,2.5,.629,.564,0.7,0.8,.871,0.7,2.0,2.7,1.1,0.5,0.3,0.6,1.2,8.2
Maxi Kleber,PF,30,DAL,59,21,24.6,2.4,6.0,.398,1.4,4.3,.325,1.0,1.7,.586,.516,0.8,1.1,.708,1.2,4.7,5.9,1.2,0.5,1.0,0.8,2.3,7.0
Brandon Knight,PG,30,DAL,5,0,13.0,2.0,5.0,.400,0.8,3.4,.235,1.2,1.6,.750,.480,1.6,1.6,1.000,0.0,1.6,1.6,1.6,0.2,0.0,0.8,1.0,6.4
Kevin Knox,SF,22,TOT,30,0,7.4,1.0,2.8,.365,0.5,1.8,.278,0.5,1.0,.516,.453,0.5,0.7,.727,0.5,1.0,1.5,0.3,0.1,0.1,0.2,0.6,3.1
Kevin Knox,SF,22,ATL,17,0,6.5,0.9,2.6,.356,0.3,1.5,.192,0.6,1.1,.579,.411,0.5,0.7,.750,0.4,0.9,1.3,0.4,0.1,0.1,0.1,0.8,2.7
Luke Kornet,C,26,TOT,15,0,6.9,0.9,1.8,.481,0.0,0.3,.000,0.9,1.5,.591,.481,0.3,0.4,.667,0.9,1.1,1.9,0.6,0.2,0.2,0.0,0.6,2.0
Luke Kornet,C,26,CLE,2,0,7.5,0.5,2.5,.200,0.0,0.5,.000,0.5,2.0,.250,.200,1.0,1.5,.667,1.0,0.5,1.5,0.5,0.0,0.5,0.0,0.5,2.0
Luke Kornet,C,26,BOS,12,0,7.1,1.0,1.8,.571,0.0,0.3,.000,1.0,1.4,.706,.571,0.2,0.3,.667,0.8,1.3,2.1,0.7,0.3,0.2,0.0,0.6,2.2
Arnoldas Kulboka,SF,24,CHO,2,0,2.5,0.0,0.5,.000,0.0,0.5,.000,0.0,0.0,0,.000,0.0,0.0,0,0.0,0.0,0.0,0.0,0.0,0.0,0.0,0.5,0.0
Jonathan Kuminga,SF,19,GSW,70,12,16.9,3.4,6.6,.513,0.7,2.1,.336,2.7,4.4,.598,.567,1.9,2.7,.684,0.8,2.6,3.3,0.9,0.4,0.3,1.1,2.1,9.3
Kyle Kuzma,PF,26,WAS,66,66,33.4,6.4,14.2,.452,1.9,5.7,.341,4.5,8.5,.526,.520,2.4,3.3,.712,1.1,7.4,8.5,3.5,0.6,0.9,2.6,1.9,17.1
Jeremy Lamb,SF,29,IND,39,0,15.7,2.2,5.8,.373,1.0,3.0,.333,1.2,2.8,.414,.458,1.7,2.1,.838,0.4,2.0,2.4,1.3,0.6,0.4,0.6,1.1,7.1
Romeo Langford,SG,22,TOT,48,5,16.1,1.7,4.0,.435,0.6,1.8,.341,1.1,2.2,.509,.510,0.5,0.9,.548,0.6,1.6,2.3,0.4,0.5,0.3,0.3,1.0,4.5
Romeo Langford,SG,22,BOS,44,5,16.5,1.8,4.2,.429,0.7,1.9,.349,1.1,2.3,.495,.508,0.5,0.8,.588,0.7,1.7,2.4,0.4,0.5,0.4,0.4,1.0,4.7
Zach LaVine,SG,26,CHI,67,67,34.7,8.4,17.7,.476,2.8,7.1,.389,5.7,10.6,.534,.554,4.8,5.6,.853,0.3,4.3,4.6,4.5,0.6,0.3,2.6,1.8,24.4
Damion Lee,SG,29,GSW,63,5,19.9,2.7,6.1,.441,1.0,3.0,.337,1.7,3.1,.541,.523,1.0,1.2,.880,0.4,2.8,3.2,1.0,0.6,0.1,0.6,1.5,7.4
Saben Lee,PG,22,DET,37,0,16.3,1.9,4.8,.390,0.4,1.6,.233,1.5,3.2,.470,.429,1.5,1.9,.789,0.5,1.9,2.4,2.9,1.0,0.3,1.0,1.2,5.6
Caris LeVert,SG,27,TOT,58,49,30.7,6.5,14.7,.444,1.4,4.4,.320,5.1,10.3,.497,.492,2.5,3.3,.756,0.7,2.9,3.7,4.3,0.9,0.4,1.9,2.3,17.0
Caris LeVert,SG,27,IND,39,39,31.1,7.1,15.9,.447,1.6,4.8,.323,5.6,11.1,.501,.496,2.8,3.7,.760,0.8,3.1,3.8,4.4,0.9,0.5,1.9,2.3,18.7
Caris LeVert,SG,27,CLE,19,10,29.8,5.3,12.2,.435,1.1,3.5,.313,4.2,8.7,.485,.481,1.8,2.5,.745,0.7,2.7,3.4,3.9,0.8,0.3,1.7,2.1,13.6
Scottie Lewis,SG,21,CHO,2,0,3.5,0.0,0.0,0,0.0,0.0,0,0.0,0.0,0,0,0.5,1.0,.500,0.0,0.0,0.0,0.5,0.5,0.0,0.0,0.0,0.5
Isaiah Livers,SF,23,DET,19,5,20.2,2.2,4.7,.456,1.4,3.4,.422,0.7,1.4,.538,.606,0.6,0.7,.857,0.8,2.2,3.0,1.1,0.7,0.4,0.8,1.9,6.4
Kevon Looney,C,25,GSW,82,80,21.1,2.5,4.4,.571,0.0,0.0,.000,2.5,4.4,.573,.571,0.9,1.5,.600,2.5,4.7,7.3,2.0,0.6,0.6,0.8,2.6,6.0
Kevin Love,C,33,CLE,74,4,22.5,4.4,10.3,.430,2.5,6.4,.392,1.9,3.8,.493,.553,2.2,2.7,.838,1.2,6.1,7.2,2.2,0.4,0.2,1.3,1.4,13.6
Timothé Luwawu-Cabarrot,SF,26,ATL,52,18,13.2,1.4,3.6,.398,0.8,2.3,.361,0.6,1.2,.469,.516,0.7,0.8,.854,0.3,1.3,1.6,0.8,0.3,0.1,0.4,1.5,4.4
Trey Lyles,PF,26,TOT,75,23,20.5,3.5,7.5,.466,0.9,2.8,.321,2.6,4.7,.552,.526,2.6,3.2,.802,1.2,3.9,5.1,1.2,0.4,0.4,1.0,1.6,10.5
Trey Lyles,PF,26,DET,51,3,19.4,3.4,7.5,.456,0.9,2.9,.301,2.6,4.7,.550,.513,2.7,3.5,.784,1.2,3.6,4.8,1.1,0.4,0.5,1.1,1.8,10.4
Boban Marjanović,C,33,DAL,23,0,5.6,1.8,3.0,.600,0.0,0.2,.250,1.8,2.9,.621,.607,0.6,1.0,.591,0.3,1.3,1.7,0.1,0.0,0.1,0.7,1.0,4.3
Lauri Markkanen,SF,24,CLE,61,61,30.8,5.1,11.5,.445,2.2,6.2,.358,2.9,5.3,.548,.542,2.3,2.6,.868,1.0,4.7,5.7,1.3,0.7,0.5,0.9,2.1,14.8
Cody Martin,SF,26,CHO,71,11,26.3,2.9,6.0,.482,0.9,2.2,.384,2.0,3.7,.542,.554,1.1,1.5,.701,1.2,2.9,4.0,2.5,1.2,0.5,0.9,1.6,7.7
Kelan Martin,SF,26,TOT,30,1,15.0,2.3,5.7,.409,0.7,2.5,.293,1.6,3.2,.500,.474,0.3,0.4,.692,0.6,1.3,1.8,0.7,0.4,0.3,0.5,1.2,5.7
Kelan Martin,SF,26,IND,27,1,16.4,2.6,6.2,.417,0.8,2.7,.297,1.8,3.5,.511,.482,0.3,0.5,.692,0.6,1.4,2.0,0.8,0.5,0.3,0.5,1.3,6.3
Kelan Martin,SF,26,BOS,3,0,2.0,0.0,1.0,.000,0.0,0.3,.000,0.0,0.7,.000,.000,0.0,0.0,0,0.3,0.3,0.7,0.0,0.0,0.0,0.0,0.0,0.0
Skylar Mays,SG,24,ATL,28,5,7.9,1.1,2.3,.500,0.3,0.9,.320,0.9,1.4,.615,.563,0.3,0.3,.889,0.2,0.7,0.9,0.6,0.3,0.0,0.4,0.3,2.9
Mac McClung,PG,23,CHI,1,0,3.0,1.0,1.0,1.000,0.0,0.0,0,1.0,1.0,1.000,1.000,0.0,0.0,0,0.0,0.0,0.0,0.0,0.0,0.0,1.0,0.0,2.0
CJ McCollum,SG,30,TOT,62,62,34.6,8.6,18.8,.460,2.9,7.6,.388,5.7,11.2,.509,.539,1.9,2.7,.682,0.9,3.5,4.3,5.1,1.1,0.4,2.0,2.0,22.1
T.J. McConnell,PG,29,IND,27,8,24.1,3.7,7.7,.481,0.4,1.2,.303,3.3,6.5,.514,.505,0.7,0.9,.826,0.7,2.6,3.3,4.9,1.1,0.4,1.1,2.0,8.5
Jalen McDaniels,SF,24,CHO,55,2,16.3,2.2,4.6,.484,0.7,2.0,.380,1.5,2.7,.562,.565,1.0,1.3,.736,0.7,2.4,3.1,1.1,0.5,0.4,0.7,1.7,6.2
Rodney McGruder,SG,30,DET,51,2,14.8,1.9,4.4,.436,1.1,2.9,.397,0.8,1.5,.506,.564,0.4,0.5,.731,0.6,1.6,2.2,0.9,0.4,0.1,0.5,1.1,5.4
Alfonzo McKinnie,SF,29,CHI,17,3,12.1,1.4,3.6,.393,0.5,1.6,.333,0.9,2.0,.441,.467,0.1,0.5,.250,0.8,1.2,1.9,0.3,0.1,0.2,0.4,1.5,3.5
JaQuori McLaughlin,PG,24,DAL,4,0,2.8,0.0,0.5,.000,0.0,0.3,.000,0.0,0.3,.000,.000,0.0,0.0,0,0.0,0.0,0.0,0.5,0.0,0.0,0.0,0.3,0.0
C.J. Miles,SG,34,BOS,1,0,2.0,0.0,0.0,0,0.0,0.0,0,0.0,0.0,0,0,0.0,0.0,0,0.0,0.0,0.0,0.0,0.0,0.0,0.0,1.0,0.0
Patty Mills,SG,33,BRK,81,48,29.0,4.0,9.8,.408,2.8,7.0,.400,1.2,2.8,.429,.551,0.6,0.7,.814,0.2,1.7,1.9,2.3,0.6,0.2,0.9,1.4,11.4
Paul Millsap,C,36,TOT,33,1,11.4,1.4,3.5,.391,0.2,1.1,.229,1.1,2.4,.463,.426,0.5,0.7,.708,1.2,2.2,3.5,0.9,0.3,0.4,0.6,2.0,3.5
Paul Millsap,C,36,BRK,24,0,11.3,1.3,3.5,.376,0.3,1.1,.222,1.1,2.4,.448,.412,0.5,0.7,.706,1.2,2.5,3.7,1.0,0.2,0.5,0.5,2.0,3.4
Evan Mobley,PF,20,CLE,69,69,33.8,6.1,12.0,.508,0.3,1.3,.250,5.8,10.7,.541,.522,2.4,3.7,.663,2.1,6.2,8.3,2.5,0.8,1.7,1.9,2.1,15.0
Greg Monroe,C,31,TOT,14,0,13.9,2.3,4.1,.561,0.0,0.0,0,2.3,4.1,.561,.561,0.9,1.6,.522,2.1,2.4,4.6,1.6,0.6,0.7,0.9,1.7,5.4
Greg Monroe,C,31,WAS,2,0,9.0,2.0,4.0,.500,0.0,0.0,0,2.0,4.0,.500,.500,0.0,0.0,0,3.5,1.5,5.0,0.5,0.5,0.5,1.0,1.0,4.0
Moses Moody,SG,19,GSW,52,11,11.7,1.5,3.5,.437,0.8,2.1,.364,0.8,1.4,.548,.546,0.5,0.7,.778,0.3,1.2,1.5,0.4,0.1,0.2,0.3,0.8,4.4
Juwan Morgan,PF,24,TOT,2,0,15.5,1.0,1.5,.667,0.5,1.0,.500,0.5,0.5,1.000,.833,0.0,0.0,0,1.0,1.0,2.0,0.5,0.0,0.0,0.0,1.5,2.5
Juwan Morgan,PF,24,BOS,1,0,4.0,0.0,0.0,0,0.0,0.0,0,0.0,0.0,0,0,0.0,0.0,0,0.0,0.0,0.0,0.0,0.0,0.0,0.0,0.0,0.0
Mychal Mulder,PG,27,TOT,17,3,14.1,1.4,4.5,.312,1.0,3.2,.315,0.4,1.4,.304,.422,0.2,0.2,1.000,0.1,1.3,1.4,0.3,0.2,0.1,0.5,0.8,4.1
RJ Nembhard Jr.,SG,22,CLE,14,0,4.5,0.4,1.3,.333,0.0,0.1,.000,0.4,1.1,.375,.333,0.2,0.3,.750,0.2,0.3,0.5,0.9,0.1,0.0,0.2,0.1,1.1
Aaron Nesmith,SF,22,BOS,52,3,11.0,1.4,3.5,.396,0.6,2.2,.270,0.8,1.3,.612,.481,0.4,0.5,.808,0.3,1.4,1.7,0.4,0.4,0.1,0.6,1.3,3.8
Raul Neto,PG,29,WAS,70,19,19.6,2.9,6.3,.463,0.5,1.7,.292,2.4,4.6,.526,.502,1.2,1.5,.769,0.2,1.7,1.9,3.1,0.8,0.0,1.1,1.5,7.5
Malik Newman,PG,24,CLE,1,0,8.0,3.0,5.0,.600,0.0,1.0,.000,3.0,4.0,.750,.600,2.0,2.0,1.000,0.0,1.0,1.0,1.0,0.0,0.0,1.0,0.0,8.0
Frank Ntilikina,SG,23,DAL,58,5,11.8,1.5,3.8,.399,0.7,1.9,.342,0.9,1.9,.455,.484,0.4,0.4,.960,0.2,1.2,1.4,1.2,0.5,0.1,0.5,1.1,4.1
Semi Ojeleye,PF,27,TOT,30,0,13.5,1.0,3.3,.303,0.5,1.7,.300,0.5,1.6,.306,.379,0.8,1.0,.793,0.9,1.6,2.5,0.3,0.2,0.2,0.3,1.0,3.3
Onyeka Okongwu,C,21,ATL,48,6,20.7,3.3,4.7,.690,0.0,0.0,0,3.3,4.7,.690,.690,1.7,2.3,.727,2.4,3.5,5.9,1.1,0.6,1.3,0.9,3.1,8.2
Isaac Okoro,SF,21,CLE,67,61,29.6,3.1,6.4,.480,0.8,2.3,.350,2.3,4.1,.555,.544,1.8,2.3,.768,1.1,1.9,3.0,1.8,0.8,0.3,0.9,2.4,8.8
Cameron Oliver,SF,25,ATL,2,0,21.5,5.0,7.5,.667,0.5,1.5,.333,4.5,6.0,.750,.700,1.0,1.5,.667,1.0,2.0,3.0,1.5,0.5,0.5,0.0,2.5,11.5
Kelly Olynyk,C,30,DET,40,1,19.1,3.2,7.2,.448,1.0,3.0,.336,2.2,4.2,.527,.517,1.7,2.2,.775,1.4,3.1,4.4,2.8,0.8,0.5,1.5,2.5,9.1
Eugene Omoruyi,SF,24,DAL,4,0,4.5,0.5,1.3,.400,0.3,0.5,.500,0.3,0.8,.333,.500,0.5,1.0,.500,0.5,1.3,1.8,0.5,0.0,0.0,0.0,0.5,1.8
Cedi Osman,SF,26,CLE,66,3,22.2,3.7,8.7,.432,1.9,5.4,.357,1.8,3.2,.559,.544,1.3,2.0,.664,0.4,1.8,2.2,2.0,0.8,0.2,1.0,1.9,10.7
Kelly Oubre Jr.,SF,26,CHO,76,13,26.3,5.4,12.3,.440,2.5,7.3,.345,2.9,5.0,.578,.542,1.7,2.5,.667,1.0,2.9,4.0,1.1,1.0,0.4,0.9,2.5,15.0
Jaysean Paige,PG,27,DET,1,0,7.0,0.0,3.0,.000,0.0,2.0,.000,0.0,1.0,.000,.000,0.0,0.0,0,0.0,1.0,1.0,1.0,0.0,0.0,1.0,2.0,0.0
Trayvon Palmer,SG,27,DET,1,0,17.0,0.0,1.0,.000,0.0,0.0,0,0.0,1.0,.000,.000,0.0,0.0,0,0.0,2.0,2.0,0.0,0.0,0.0,1.0,2.0,0.0
Kevin Pangos,PG,29,CLE,24,3,6.9,0.6,1.9,.326,0.3,1.1,.231,0.4,0.8,.450,.391,0.1,0.2,.750,0.1,0.4,0.5,1.3,0.1,0.0,0.3,0.5,1.6
Jabari Parker,PF,26,BOS,12,0,9.3,1.5,3.2,.474,0.7,1.3,.500,0.8,1.8,.455,.579,0.8,0.8,1.000,0.4,1.9,2.3,0.5,0.3,0.1,0.7,1.1,4.4
Gary Payton II,SG,29,GSW,71,16,17.6,3.0,4.8,.616,0.6,1.7,.358,2.4,3.2,.754,.679,0.5,0.8,.603,1.0,2.5,3.5,0.9,1.4,0.3,0.6,1.8,7.1
Reggie Perry,PF,21,TOT,10,1,18.7,4.0,7.9,.506,0.3,1.6,.188,3.7,6.3,.587,.525,0.9,1.5,.600,1.5,3.2,4.7,1.2,0.9,0.6,1.1,3.3,9.2
Reggie Perry,PF,21,IND,1,0,10.0,1.0,1.0,1.000,0.0,0.0,0,1.0,1.0,1.000,1.000,0.0,0.0,0,0.0,1.0,1.0,0.0,0.0,0.0,0.0,3.0,2.0
Jamorko Pickett,PF,24,DET,13,0,13.5,1.4,3.8,.360,1.0,3.0,.333,0.4,0.8,.455,.490,0.1,0.2,.500,0.5,2.0,2.5,0.5,0.0,0.5,0.4,0.9,3.8
Theo Pinson,SF,26,DAL,19,0,7.8,0.7,2.1,.359,0.5,1.6,.333,0.2,0.5,.444,.487,0.5,0.5,1.000,0.1,1.0,1.1,0.9,0.3,0.1,0.3,0.6,2.5
Mason Plumlee,C,31,CHO,73,73,24.6,2.8,4.4,.641,0.0,0.0,.000,2.8,4.4,.645,.641,0.9,2.3,.392,2.4,5.3,7.7,3.1,0.8,0.7,1.4,3.1,6.5
Jordan Poole,SG,22,GSW,76,51,30.0,6.2,13.9,.448,2.8,7.6,.364,3.5,6.3,.550,.548,3.2,3.5,.925,0.4,3.0,3.4,4.0,0.8,0.3,2.5,2.7,18.5
Otto Porter Jr.,PF,28,GSW,63,15,22.2,3.1,6.6,.464,1.3,3.4,.370,1.8,3.2,.565,.560,0.8,1.0,.803,1.4,4.4,5.7,1.5,1.1,0.5,0.6,1.3,8.2
Kristaps Porziņģis,PF,26,TOT,51,51,29.0,6.9,15.0,.459,1.5,4.9,.310,5.4,10.1,.532,.510,4.9,5.6,.867,2.0,6.1,8.1,2.3,0.7,1.6,1.6,2.7,20.2
Kristaps Porziņģis,PF,26,DAL,34,34,29.5,6.7,14.9,.451,1.4,5.1,.283,5.3,9.9,.537,.499,4.3,5.0,.865,1.9,5.8,7.7,2.0,0.7,1.7,1.6,2.6,19.2
Kristaps Porziņģis,PF,26,WAS,17,17,28.2,7.2,15.2,.475,1.7,4.6,.367,5.5,10.6,.522,.531,5.9,6.8,.871,2.2,6.6,8.8,2.9,0.7,1.5,1.6,2.9,22.1
Micah Potter,C,23,DET,3,0,10.3,1.7,3.7,.455,0.0,0.7,.000,1.7,3.0,.556,.455,0.7,0.7,1.000,1.3,1.7,3.0,0.0,0.3,0.3,0.3,1.3,4.0
Dwight Powell,C,30,DAL,82,71,21.9,3.3,4.9,.671,0.2,0.5,.351,3.1,4.4,.703,.687,2.0,2.6,.783,2.1,2.8,4.9,1.2,0.5,0.5,0.8,2.7,8.7
Payton Pritchard,PG,24,BOS,71,2,14.1,2.3,5.3,.429,1.4,3.5,.412,0.8,1.8,.461,.564,0.3,0.3,1.000,0.5,1.4,1.9,2.0,0.4,0.1,0.6,0.9,6.2
Cam Reddish,SF,22,TOT,49,7,20.7,3.4,8.3,.404,1.3,3.8,.359,2.0,4.6,.442,.485,2.1,2.3,.902,0.5,1.6,2.1,1.0,1.0,0.3,1.2,1.2,10.1
Cam Reddish,SF,22,ATL,34,7,23.4,4.1,10.1,.402,1.7,4.5,.379,2.4,5.6,.421,.487,2.1,2.4,.900,0.6,1.9,2.5,1.1,1.0,0.3,1.3,1.3,11.9
Nick Richards,C,24,CHO,50,5,7.3,1.2,1.8,.667,0.0,0.0,0,1.2,1.8,.667,.667,0.6,0.9,.698,0.7,1.0,1.7,0.3,0.2,0.4,0.5,1.0,3.0
Josh Richardson,SG,28,TOT,65,7,24.6,3.6,8.2,.438,1.6,3.8,.415,2.0,4.4,.458,.534,1.5,1.7,.889,0.6,2.2,2.8,1.8,0.9,0.4,1.0,1.8,10.2
Josh Richardson,SG,28,BOS,44,0,24.7,3.5,7.8,.443,1.4,3.5,.397,2.0,4.3,.481,.534,1.4,1.6,.859,0.6,2.3,2.8,1.5,0.8,0.5,0.9,1.9,9.7
Justin Robinson,PG,24,TOT,25,0,12.2,1.1,3.7,.301,0.7,2.4,.295,0.4,1.3,.313,.398,0.2,0.3,.500,0.2,0.7,0.8,1.3,0.4,0.0,0.7,1.1,3.1
Justin Robinson,PG,24,DET,5,0,18.2,1.8,5.6,.321,1.6,4.2,.381,0.2,1.4,.143,.464,0.4,1.2,.333,0.4,1.0,1.4,1.8,0.2,0.2,1.0,1.6,5.6
Rajon Rondo,PG,35,TOT,39,1,17.9,1.7,4.5,.386,0.8,2.3,.352,0.9,2.3,.420,.474,0.5,0.7,.731,0.4,2.4,2.8,4.4,0.8,0.2,1.7,1.4,4.8
Rajon Rondo,PG,35,CLE,21,1,19.4,2.1,5.0,.429,1.1,2.8,.397,1.0,2.2,.468,.538,0.9,1.1,.750,0.2,2.6,2.8,4.9,0.9,0.0,1.6,1.5,6.2
Terry Rozier,SG,27,CHO,73,73,33.7,7.1,16.0,.444,3.0,8.1,.374,4.1,7.9,.516,.539,2.1,2.4,.852,0.8,3.5,4.3,4.5,1.3,0.3,1.3,1.6,19.3
Ricky Rubio,PG,31,CLE,34,8,28.5,4.4,12.1,.363,1.7,5.1,.339,2.6,7.0,.380,.434,2.6,3.0,.854,0.4,3.7,4.1,6.6,1.4,0.2,2.6,2.2,13.1
Matt Ryan,SF,24,BOS,1,0,5.0,1.0,5.0,.200,1.0,5.0,.200,0.0,0.0,0,.300,0.0,0.0,0,0.0,0.0,0.0,0.0,1.0,0.0,0.0,0.0,3.0
Domantas Sabonis,PF,25,IND,47,46,34.7,7.0,12.1,.580,0.7,2.3,.324,6.3,9.9,.639,.610,4.1,5.5,.740,3.3,8.8,12.1,5.0,1.0,0.5,3.0,3.1,18.9
Tomáš Satoranský,PG,30,WAS,22,10,18.9,1.8,3.8,.476,0.3,1.0,.273,1.5,2.8,.548,.512,1.0,1.1,.840,0.4,2.4,2.8,4.9,0.7,0.2,1.0,1.7,4.9
Jordan Schakel,SG,23,WAS,4,0,7.5,0.3,2.8,.091,0.3,1.5,.167,0.0,1.3,.000,.136,0.5,0.5,1.000,0.5,1.5,2.0,0.0,0.3,0.0,0.3,0.0,1.3
Dennis Schröder,SG,28,BOS,49,25,29.2,5.2,11.9,.440,1.4,3.9,.349,3.9,8.0,.485,.497,2.5,3.0,.848,0.6,2.8,3.3,4.2,0.8,0.1,2.1,2.4,14.4
Tre Scott,SF,25,CLE,2,0,5.5,1.5,3.0,.500,0.0,0.5,.000,1.5,2.5,.600,.500,0.0,0.0,0,0.5,0.5,1.0,0.0,0.5,0.5,0.0,1.0,3.0
Collin Sexton,SG,23,CLE,11,11,28.7,6.2,13.7,.450,1.0,4.1,.244,5.2,9.6,.538,.487,2.6,3.5,.744,1.2,2.1,3.3,2.1,0.9,0.0,2.8,2.3,16.0
Day'Ron Sharpe,PF,20,BRK,32,8,12.2,2.7,4.7,.577,0.1,0.2,.286,2.6,4.4,.592,.584,0.8,1.3,.585,2.5,2.5,5.0,0.5,0.3,0.5,0.9,1.9,6.2
Chris Silva,PF,25,TOT,10,0,9.1,0.8,1.5,.533,0.0,0.0,0,0.8,1.5,.533,.533,1.0,1.2,.833,1.3,2.3,3.6,0.7,0.0,0.1,0.8,2.0,2.6
Marko Simonovic,C,22,CHI,9,0,3.9,0.4,1.7,.267,0.1,0.6,.200,0.3,1.1,.300,.300,0.9,1.2,.727,0.6,0.6,1.1,0.0,0.1,0.1,0.2,0.7,1.9
Deividas Sirvydis,SG,21,DET,3,0,9.0,0.3,3.3,.100,0.3,2.3,.143,0.0,1.0,.000,.150,0.0,0.0,0,0.0,2.0,2.0,0.3,1.0,0.3,0.0,1.3,1.0
Javonte Smart,PG,22,TOT,17,1,11.8,1.1,3.5,.317,0.5,1.6,.296,0.6,1.9,.333,.383,0.3,0.4,.833,0.3,1.1,1.4,0.9,0.4,0.2,0.6,0.7,3.0
Marcus Smart,PG,27,BOS,71,71,32.3,4.2,10.1,.418,1.7,5.1,.331,2.5,5.0,.506,.501,2.0,2.5,.793,0.6,3.2,3.8,5.9,1.7,0.3,2.2,2.3,12.1
Ish Smith,PG,33,TOT,65,1,17.3,2.8,6.6,.430,0.4,1.0,.373,2.5,5.6,.441,.459,0.2,0.4,.625,0.4,1.8,2.2,3.8,0.7,0.4,1.2,1.2,6.3
Ish Smith,PG,33,CHO,37,1,13.8,2.0,5.0,.395,0.3,0.7,.400,1.7,4.3,.394,.422,0.3,0.5,.632,0.3,1.2,1.5,2.6,0.5,0.3,1.0,0.9,4.5
Ish Smith,PG,33,WAS,28,0,22.0,4.0,8.8,.457,0.5,1.5,.357,3.5,7.3,.478,.488,0.1,0.2,.600,0.5,2.5,3.0,5.2,1.0,0.5,1.5,1.6,8.6
Jalen Smith,PF,21,TOT,51,8,18.1,3.5,6.9,.503,0.8,2.4,.328,2.7,4.5,.596,.560,1.5,2.0,.765,2.0,4.0,6.0,0.5,0.3,0.8,0.8,1.9,9.2
Jalen Smith,PF,21,IND,22,4,24.7,5.1,9.7,.531,1.4,3.8,.373,3.7,5.9,.631,.603,1.7,2.3,.760,2.1,5.5,7.6,0.8,0.4,1.0,0.9,2.0,13.4
Xavier Sneed,SF,24,TOT,9,0,4.3,0.2,1.1,.200,0.1,0.9,.125,0.1,0.2,.500,.250,0.0,0.0,0,0.2,0.4,0.7,0.1,0.0,0.0,0.0,0.2,0.6
Tony Snell,SG,30,TOT,53,12,15.5,1.3,3.2,.404,0.8,2.4,.352,0.5,0.8,.558,.535,0.1,0.1,1.000,0.3,1.6,1.9,0.5,0.3,0.2,0.4,1.3,3.5
Cassius Stanley,SG,22,DET,9,1,17.2,2.1,5.1,.413,0.4,1.9,.235,1.7,3.2,.517,.457,1.1,1.1,1.000,0.6,1.6,2.1,0.4,0.6,0.2,0.7,1.9,5.8
Nik Stauskas,SG,28,TOT,8,0,4.9,0.6,1.8,.357,0.5,1.3,.400,0.1,0.5,.250,.500,0.5,0.8,.667,0.1,0.3,0.4,0.3,0.0,0.0,0.1,0.1,2.3
Nik Stauskas,SG,28,BOS,6,0,2.5,0.3,1.0,.333,0.3,1.0,.333,0.0,0.0,0,.500,0.2,0.3,.500,0.0,0.0,0.0,0.2,0.0,0.0,0.2,0.0,1.2
Lance Stephenson,SG,31,ATL,6,0,11.7,0.8,2.2,.385,0.0,0.5,.000,0.8,1.7,.500,.385,0.2,0.3,.500,0.2,2.3,2.5,1.8,0.0,0.0,0.7,1.3,1.8
Lance Stephenson,PG,31,IND,40,1,18.6,3.6,7.8,.458,0.7,2.2,.310,2.9,5.6,.516,.502,1.6,2.0,.795,0.3,2.5,2.8,3.9,0.6,0.1,1.7,2.2,9.3
Lamar Stevens,PF,24,CLE,63,13,16.1,2.5,5.1,.489,0.3,1.0,.277,2.2,4.0,.543,.517,0.8,1.2,.707,0.7,1.9,2.6,0.7,0.5,0.3,0.7,1.7,6.1
Isaiah Stewart,C,20,DET,71,71,25.6,3.5,6.9,.510,0.2,0.6,.326,3.3,6.3,.529,.526,1.0,1.5,.718,3.2,5.5,8.7,1.2,0.3,1.1,1.2,3.0,8.3
Craig Sword,SG,28,WAS,3,0,6.3,1.0,1.3,.750,0.0,0.3,.000,1.0,1.0,1.000,.750,0.0,0.0,0,0.0,0.0,0.0,0.3,1.3,0.0,0.3,2.3,2.0
Keifer Sykes,PG,28,IND,32,11,17.7,2.2,5.9,.363,0.8,2.8,.300,1.3,3.1,.420,.434,0.5,0.5,.882,0.3,1.2,1.4,1.9,0.4,0.1,1.0,1.6,5.6
Jayson Tatum,SF,23,BOS,76,76,35.9,9.3,20.6,.453,3.0,8.6,.353,6.3,12.0,.524,.526,5.3,6.2,.853,1.1,6.9,8.0,4.4,1.0,0.6,2.9,2.3,26.9
Terry Taylor,SG,22,IND,33,7,21.6,4.1,6.7,.614,0.4,1.2,.316,3.7,5.5,.676,.641,1.1,1.5,.706,2.9,2.3,5.2,1.2,0.4,0.2,0.7,1.8,9.6
Daniel Theis,C,29,TOT,47,27,20.8,3.2,6.2,.519,0.7,2.3,.308,2.5,3.9,.641,.576,1.0,1.5,.681,1.3,3.6,4.9,0.9,0.4,0.7,1.0,2.4,8.2
Daniel Theis,C,29,BOS,21,6,18.7,3.2,5.3,.598,0.5,1.3,.357,2.7,4.0,.679,.643,1.0,1.5,.688,1.3,3.4,4.7,1.0,0.4,0.7,0.7,2.3,7.9
Brodric Thomas,SG,25,BOS,12,0,5.0,0.7,1.5,.444,0.2,0.8,.222,0.5,0.8,.667,.500,0.3,0.4,.600,0.2,0.7,0.8,0.9,0.1,0.1,0.5,0.6,1.8
Cam Thomas,SG,20,BRK,67,2,17.6,3.3,7.5,.433,0.7,2.6,.270,2.6,4.9,.520,.480,1.3,1.6,.829,0.2,2.2,2.4,1.2,0.5,0.1,0.8,1.0,8.5
Isaiah Thomas,PG,32,TOT,22,1,15.1,3.0,7.6,.401,1.3,3.8,.337,1.8,3.8,.464,.485,1.0,1.2,.846,0.2,1.1,1.3,1.5,0.3,0.2,0.7,1.5,8.4
Isaiah Thomas,PG,32,DAL,1,0,13.0,3.0,8.0,.375,0.0,3.0,.000,3.0,5.0,.600,.375,0.0,0.0,0,0.0,0.0,0.0,4.0,0.0,0.0,0.0,0.0,6.0
Isaiah Thomas,PG,32,CHO,17,0,12.9,3.1,7.1,.433,1.4,3.4,.397,1.7,3.6,.468,.529,0.8,0.9,.933,0.2,1.1,1.2,1.4,0.4,0.2,0.6,1.3,8.3
Matt Thomas,SG,27,CHI,40,0,11.5,1.4,3.4,.410,0.9,2.3,.385,0.5,1.1,.465,.541,0.4,0.5,.800,0.1,1.2,1.3,0.5,0.2,0.1,0.2,0.5,4.0
Klay Thompson,SG,31,GSW,32,32,29.4,7.7,17.9,.429,3.6,9.3,.385,4.1,8.7,.477,.529,1.4,1.6,.902,0.5,3.4,3.9,2.8,0.5,0.5,1.3,1.7,20.4
Tristan Thompson,PF,30,TOT,57,6,15.7,2.5,4.7,.528,0.0,0.1,.333,2.5,4.6,.530,.530,1.1,2.0,.526,2.1,2.9,5.1,0.6,0.4,0.4,0.8,1.7,6.0
Tristan Thompson,PF,30,IND,4,0,16.5,3.3,6.0,.542,0.0,0.0,0,3.3,6.0,.542,.542,0.8,2.0,.375,1.8,2.8,4.5,0.5,0.0,0.5,1.0,1.8,7.3
Tristan Thompson,PF,30,CHI,23,3,16.3,2.3,4.0,.565,0.0,0.1,.000,2.3,3.9,.578,.565,1.1,2.1,.542,1.8,3.0,4.7,0.6,0.5,0.3,0.5,1.7,5.7
JT Thor,PF,19,CHO,33,0,7.9,0.7,1.7,.436,0.2,0.8,.259,0.5,0.8,.607,.500,0.4,0.6,.600,0.3,1.0,1.3,0.6,0.2,0.3,0.3,0.8,2.0
Isaiah Todd,PF,20,WAS,12,0,6.2,0.6,2.2,.269,0.3,1.3,.250,0.3,0.8,.300,.346,0.2,0.5,.333,0.3,0.8,1.0,0.3,0.3,0.2,0.3,0.3,1.7
Juan Toscano-Anderson,SF,28,GSW,73,6,13.6,1.6,3.2,.489,0.4,1.2,.322,1.2,2.0,.588,.549,0.5,1.0,.571,0.4,2.0,2.4,1.7,0.7,0.2,0.9,1.6,4.1
Rayjon Tucker,SG,24,TOT,5,0,14.2,1.2,1.8,.667,0.8,1.0,.800,0.4,0.8,.500,.889,1.0,1.4,.714,0.6,1.0,1.6,2.0,0.8,0.0,0.2,1.0,4.2
Myles Turner,C,25,IND,42,42,29.4,4.8,9.4,.509,1.5,4.4,.333,3.3,5.0,.662,.587,1.9,2.5,.752,1.5,5.5,7.1,1.0,0.7,2.8,1.3,2.8,12.9
Denzel Valentine,SG,28,TOT,24,0,9.3,1.0,2.8,.379,0.8,2.0,.404,0.3,0.8,.316,.523,0.0,0.0,0,0.4,1.4,1.8,0.5,0.3,0.0,0.5,0.8,2.9
Denzel Valentine,SG,28,CLE,22,0,9.3,1.0,2.8,.371,0.8,2.0,.409,0.2,0.8,.278,.516,0.0,0.0,0,0.4,1.3,1.7,0.5,0.3,0.0,0.5,0.8,2.9
Nikola Vučević,C,31,CHI,73,73,33.1,7.5,15.8,.473,1.4,4.5,.314,6.1,11.3,.537,.518,1.3,1.7,.760,1.9,9.1,11.0,3.2,1.0,1.0,1.9,2.5,17.6
Dean Wade,PF,25,CLE,51,28,19.2,1.9,4.3,.456,1.0,2.8,.359,0.9,1.5,.640,.574,0.4,0.6,.667,0.6,2.3,2.9,1.0,0.6,0.1,0.3,1.7,5.3
Derrick Walton,PG,26,DET,3,3,36.0,2.0,8.7,.231,1.0,4.3,.231,1.0,4.3,.231,.288,1.3,1.3,1.000,0.7,2.7,3.3,7.0,2.3,1.3,3.7,2.7,6.3
Brad Wanamaker,PG,32,TOT,23,2,13.9,1.2,3.3,.364,0.2,0.7,.235,1.0,2.6,.400,.390,1.0,1.1,.920,0.3,1.4,1.7,2.4,0.3,0.3,1.0,2.0,3.6
Brad Wanamaker,PG,32,IND,22,1,13.3,1.2,3.3,.361,0.2,0.8,.235,1.0,2.5,.400,.389,0.9,1.0,.909,0.3,1.3,1.6,2.2,0.2,0.3,1.0,1.9,3.5
Brad Wanamaker,PG,32,WAS,1,1,27.0,2.0,5.0,.400,0.0,0.0,0,2.0,5.0,.400,.400,3.0,3.0,1.000,0.0,4.0,4.0,7.0,2.0,0.0,0.0,3.0,7.0
Duane Washington Jr.,PG,21,IND,48,7,20.2,3.6,8.9,.405,1.7,4.5,.377,1.9,4.4,.434,.500,1.0,1.3,.754,0.1,1.6,1.7,1.8,0.5,0.1,1.2,1.4,9.9
P.J. Washington,C,23,CHO,65,28,27.2,3.8,8.2,.470,1.7,4.6,.365,2.2,3.6,.606,.573,0.9,1.2,.716,1.3,3.9,5.2,2.3,0.9,0.9,1.3,2.3,10.3
Tremont Waters,PG,24,TOT,3,0,16.7,1.3,4.7,.286,0.7,3.0,.222,0.7,1.7,.400,.357,0.0,0.0,0,0.0,1.3,1.3,2.3,1.7,0.0,1.3,1.3,3.3
Tremont Waters,PG,24,WAS,1,0,8.0,1.0,2.0,.500,0.0,0.0,0,1.0,2.0,.500,.500,0.0,0.0,0,0.0,0.0,0.0,0.0,1.0,0.0,0.0,2.0,2.0
Quinndary Weatherspoon,SG,25,GSW,11,0,6.6,1.1,1.9,.571,0.1,0.5,.200,1.0,1.5,.688,.595,0.5,0.5,1.000,0.2,1.1,1.3,0.5,0.1,0.1,0.3,1.4,2.7
Coby White,PG,21,CHI,61,17,27.5,4.6,10.6,.433,2.2,5.8,.385,2.3,4.8,.491,.539,1.3,1.5,.857,0.3,2.7,3.0,2.9,0.5,0.2,1.1,2.2,12.7
Derrick White,SG,27,TOT,75,52,29.3,4.5,10.7,.421,1.5,4.9,.312,3.0,5.7,.515,.493,2.7,3.1,.864,0.5,3.0,3.5,4.9,0.9,0.8,1.6,2.3,13.2
Derrick White,SG,27,BOS,26,4,27.4,3.6,8.8,.409,1.3,4.3,.306,2.3,4.6,.504,.483,2.5,2.9,.853,0.5,2.9,3.4,3.5,0.6,0.6,1.2,2.2,11.0
Andrew Wiggins,SF,26,GSW,73,73,31.9,6.5,14.0,.466,2.2,5.5,.393,4.4,8.5,.513,.543,2.0,3.2,.634,1.2,3.3,4.5,2.2,1.0,0.7,1.5,2.2,17.2
Grant Williams,PF,23,BOS,77,21,24.4,2.7,5.6,.475,1.4,3.4,.411,1.3,2.3,.569,.597,1.1,1.2,.905,0.8,2.7,3.6,1.0,0.5,0.7,0.8,2.4,7.8
Lou Williams,PG,35,ATL,56,0,14.3,2.2,5.7,.391,0.7,1.8,.363,1.6,3.9,.404,.448,1.2,1.4,.859,0.3,1.3,1.6,1.9,0.5,0.1,0.8,0.9,6.3
Patrick Williams,PF,20,CHI,17,9,24.8,3.2,6.0,.529,0.9,1.7,.517,2.3,4.3,.534,.603,1.8,2.4,.732,1.0,3.1,4.1,0.9,0.5,0.5,0.9,1.6,9.0
Robert Williams,C,24,BOS,61,61,29.6,4.4,6.0,.736,0.0,0.0,.000,4.4,6.0,.738,.736,1.1,1.5,.722,3.9,5.7,9.6,2.0,0.9,2.2,1.0,2.2,10.0
Dylan Windler,SF,25,CLE,50,0,9.2,0.7,2.0,.378,0.4,1.4,.300,0.3,0.6,.571,.485,0.3,0.4,.833,0.4,1.4,1.8,0.7,0.3,0.1,0.3,0.9,2.2
Justise Winslow,PF,25,TOT,48,11,16.1,2.3,5.4,.428,0.3,1.4,.227,2.0,4.0,.497,.457,0.8,1.4,.591,1.0,3.2,4.2,1.8,0.7,0.5,1.0,1.4,5.7
Cassius Winston,PG,23,WAS,7,0,5.6,0.6,1.6,.364,0.3,0.9,.333,0.3,0.7,.400,.455,0.6,0.6,1.000,0.0,0.1,0.1,1.0,0.0,0.0,0.4,1.3,2.0
Delon Wright,SG,29,ATL,77,8,18.9,1.6,3.5,.454,0.6,1.5,.379,1.0,2.0,.510,.535,0.7,0.8,.857,0.6,2.2,2.9,2.4,1.2,0.2,0.6,0.7,4.4
Moses Wright,PF,23,TOT,4,0,3.5,0.3,1.0,.250,0.0,0.3,.000,0.3,0.8,.333,.250,0.8,0.8,1.000,0.3,0.5,0.8,0.5,0.0,0.3,0.0,0.0,1.3
Moses Wright,PF,23,DAL,3,0,4.3,0.3,1.3,.250,0.0,0.3,.000,0.3,1.0,.333,.250,1.0,1.0,1.000,0.3,0.7,1.0,0.3,0.0,0.3,0.0,0.0,1.7
Gabe York,SG,28,IND,2,0,10.5,1.0,3.5,.286,0.5,3.0,.167,0.5,0.5,1.000,.357,1.5,2.5,.600,0.0,1.0,1.0,2.0,1.0,0.5,0.5,2.0,4.0
Thaddeus Young,PF,33,TOT,52,1,16.3,2.7,5.2,.518,0.3,0.9,.354,2.4,4.3,.554,.550,0.4,0.9,.469,1.5,2.5,4.0,2.0,1.0,0.3,1.0,1.6,6.2
Trae Young,PG,23,ATL,76,76,34.9,9.4,20.3,.460,3.1,8.0,.382,6.3,12.3,.512,.536,6.6,7.3,.904,0.7,3.1,3.7,9.7,0.9,0.1,4.0,1.7,28.4
